<?xml version="1.0" encoding="UTF-8"?>
<project-private xmlns="http://www.netbeans.org/ns/project-private/1">
    <editor-bookmarks xmlns="http://www.netbeans.org/ns/editor-bookmarks/2" lastBookmarkId="0"/>
    <open-files xmlns="http://www.netbeans.org/ns/projectui-open-files/2">
        <group>
            <file>file:/C:/Users/hp/Desktop/Group_GAR_3-main/LaundrySystem/src/Frames/OrderedIsFound.java</file>
            <file>file:/C:/Users/hp/Desktop/Group_GAR_3-main/LaundrySystem/src/Classes/Order.java</file>
            <file>file:/C:/Users/hp/Desktop/Group_GAR_3-main/LaundrySystem/src/Frames/SignUpFrame.java</file>
            <file>file:/C:/Users/hp/Desktop/Group_GAR_3-main/LaundrySystem/src/Frames/ChooseService.java</file>
            <file>file:/C:/Users/hp/Desktop/Group_GAR_3-main/LaundrySystem/src/Classes/Piece.java</file>
            <file>file:/C:/Users/hp/Desktop/Group_GAR_3-main/LaundrySystem/src/Frames/SearchForOrder.java</file>
            <file>file:/C:/Users/hp/Desktop/Group_GAR_3-main/LaundrySystem/src/Classes/Checkout.java</file>
            <file>file:/C:/Users/hp/Desktop/Group_GAR_3-main/LaundrySystem/src/Frames/Payment.java</file>
            <file>file:/C:/Users/hp/Desktop/Group_GAR_3-main/LaundrySystem/src/Frames/OrderDetails.java</file>
            <file>file:/C:/Users/hp/Desktop/Group_GAR_3-main/LaundrySystem/src/Classes/Admin.java</file>
            <file>file:/C:/Users/hp/Desktop/Group_GAR_3-main/LaundrySystem/src/Frames/Cart.java</file>
            <file>file:/C:/Users/hp/Desktop/Group_GAR_3-main/LaundrySystem/src/Frames/CheckOut.java</file>
            <file>file:/C:/Users/hp/Desktop/Group_GAR_3-main/LaundrySystem/src/Frames/AdminView.java</file>
            <file>file:/C:/Users/hp/Desktop/Group_GAR_3-main/LaundrySystem/test/TestTheWholeProgram.java</file>
            <file>file:/C:/Users/hp/Desktop/Group_GAR_3-main/LaundrySystem/src/Frames/OrderPlacedPage.java</file>
            <file>file:/C:/Users/hp/Desktop/Group_GAR_3-main/LaundrySystem/src/Frames/OrderCanceled.java</file>
            <file>file:/C:/Users/hp/Desktop/Group_GAR_3-main/LaundrySystem/src/Frames/OrderIsNOTFound.java</file>
            <file>file:/C:/Users/hp/Desktop/Group_GAR_3-main/LaundrySystem/src/Classes/LaundrySystem.java</file>
            <file>file:/C:/Users/hp/Desktop/Group_GAR_3-main/LaundrySystem/src/Frames/CardInfo.java</file>
            <file>file:/C:/Users/hp/Desktop/Group_GAR_3-main/LaundrySystem/src/Classes/Customer.java</file>
            <file>file:/C:/Users/hp/Desktop/Group_GAR_3-main/LaundrySystem/src/Frames/LoginFrame.java</file>
            <file>file:/C:/Users/hp/Desktop/Group_GAR_3-main/LaundrySystem/src/Frames/StartUpPage.java</file>
        </group>
    </open-files>
</project-private>
